movie_id,link
126,https://en.wikipedia.org/wiki/Short_Working_Day
206,https://en.wikipedia.org/wiki/Paradise_Found_(film)
1163,https://en.wikipedia.org/wiki/The_Miracle_Worker_(2000_film)
1260,https://en.wikipedia.org/wiki/Lotte_from_Gadgetville
1860,https://en.wikipedia.org/wiki/And_the_Violins_Stopped_Playing
1877,https://en.wikipedia.org/wiki/Doctor_Mordrid
2222,https://en.wikipedia.org/wiki/Christine_(1963_film)
2237,https://en.wikipedia.org/wiki/Sunday_Drivers_(film)
2254,https://en.wikipedia.org/wiki/Entlassen_auf_Bewährung
5249,https://en.wikipedia.org/wiki/Room_10
5510,https://en.wikipedia.org/wiki/Finders_Keepers_(1952_film)
5514,https://en.wikipedia.org/wiki/Finders_Keepers_(1921_film)
5654,https://en.wikipedia.org/wiki/War_and_Peace_(2007_miniseries)
5660,https://en.wikipedia.org/wiki/Mystery_Mansion_(1983_film)
5804,https://en.wikipedia.org/wiki/The_Key_to_Reserva
5897,https://en.wikipedia.org/wiki/The_Boy_Who_Saw_the_Iceberg
5904,https://en.wikipedia.org/wiki/The_Secret_of_St._Pauli
5905,https://en.wikipedia.org/wiki/Between_Munich_and_St._Pauli
5931,https://en.wikipedia.org/wiki/Street_Acquaintances_of_St._Pauli
5972,https://en.wikipedia.org/wiki/Witness_for_the_Prosecution_(1982_film)
6006,https://en.wikipedia.org/wiki/Charley's_Aunt_(1926_film)
6014,https://en.wikipedia.org/wiki/The_Scoundrel_(1931_film)
6058,https://en.wikipedia.org/wiki/The_Patriot_(1998_film)
6131,https://en.wikipedia.org/wiki/Manon_Lescaut_(1926_film)
6482,https://en.wikipedia.org/wiki/Melissa_(1997_TV_series)
155499,https://en.wikipedia.org/wiki/Night_of_the_Seagulls
155500,https://en.wikipedia.org/wiki/Devil_Doll_(film)
155501,https://en.wikipedia.org/wiki/City_of_Tiny_Lights
155795,https://en.wikipedia.org/wiki/Battles_Without_Honor_and_Humanity_(film)
155831,https://en.wikipedia.org/wiki/Campbell's_Kingdom
155832,https://en.wikipedia.org/wiki/August_Vacation
155833,https://en.wikipedia.org/wiki/The_Quarry_(2020_film)
155834,https://en.wikipedia.org/wiki/Jönssonligan_på_Mallorca
155836,https://en.wikipedia.org/wiki/Varning_för_Jönssonligan
155838,https://en.wikipedia.org/wiki/Back_of_the_Net
155839,https://en.wikipedia.org/wiki/West_of_the_Divide
155840,https://en.wikipedia.org/wiki/Up_in_the_World
156021,https://en.wikipedia.org/wiki/The_Letter_Room
156022,https://en.wikipedia.org/wiki/Inferno_(1953_film)
156023,https://en.wikipedia.org/wiki/Ask_a_Policeman
156052,https://en.wikipedia.org/wiki/Clubland_(2007_film)
156054,https://en.wikipedia.org/wiki/The_Dirt_Bike_Kid
156055,https://en.wikipedia.org/wiki/The_Anchorite
156058,https://en.wikipedia.org/wiki/New_Life_(film)
156061,https://en.wikipedia.org/wiki/Mozart_(1955_film)
208238,https://en.wikipedia.org/wiki/Isabelle_(film)
208239,https://en.wikipedia.org/wiki/Deadfall_(1993_film)
208240,https://en.wikipedia.org/wiki/Hider_in_the_House_(film)
208242,https://en.wikipedia.org/wiki/Bodyguard_(1948_film)
208243,https://en.wikipedia.org/wiki/Out_of_the_Fog_(1941_film)
208244,https://en.wikipedia.org/wiki/Highway_301_(film)
208245,https://en.wikipedia.org/wiki/Mr._Jealousy
208246,https://en.wikipedia.org/wiki/Silver_River_(film)
208252,https://en.wikipedia.org/wiki/The_Girl_and_the_Press_Photographer
208254,https://en.wikipedia.org/wiki/Dating_and_New_York
208256,https://en.wikipedia.org/wiki/Persona_Non_Grata_(2021_film)
208259,https://en.wikipedia.org/wiki/Nr._10
208264,https://en.wikipedia.org/wiki/The_House_of_Tomorrow_(2017_film)
208279,https://en.wikipedia.org/wiki/The_Exorcism_of_God
208280,https://en.wikipedia.org/wiki/Sword_Art_Online_Progressive:_Aria_of_a_Starless_Night
208284,https://en.wikipedia.org/wiki/Beau_Brummel_(1924_film)
208307,https://en.wikipedia.org/wiki/Vicki_(film)
208308,https://en.wikipedia.org/wiki/Howard_Lovecraft_and_the_Frozen_Kingdom
208309,https://en.wikipedia.org/wiki/Canone_inverso
208311,https://en.wikipedia.org/wiki/Escape_the_Field
208312,https://en.wikipedia.org/wiki/Anaïs_in_Love
208313,https://en.wikipedia.org/wiki/I_Am_Zlatan
246323,https://en.wikipedia.org/wiki/The_Long_Duel
246324,https://en.wikipedia.org/wiki/Two_Girls_and_a_Guy
246325,https://en.wikipedia.org/wiki/Hail_Caesar_(1994_film)
246327,https://en.wikipedia.org/wiki/Gospel_Hill
246328,https://en.wikipedia.org/wiki/Strictly_Business_(1991_film)
246329,https://en.wikipedia.org/wiki/Fun_Mom_Dinner
246330,https://en.wikipedia.org/wiki/Clockwatchers
246331,https://en.wikipedia.org/wiki/Birthmarked_(film)
246332,https://en.wikipedia.org/wiki/Spotswood_(film)
246333,https://en.wikipedia.org/wiki/A_Change_of_Seasons_(film)
246334,https://en.wikipedia.org/wiki/The_Girl_from_Petrovka
246335,https://en.wikipedia.org/wiki/Victory_at_Entebbe
246336,https://en.wikipedia.org/wiki/Green_Mansions_(film)
246337,https://en.wikipedia.org/wiki/Suzy_(film)
246338,https://en.wikipedia.org/wiki/Hot_Saturday
246339,https://en.wikipedia.org/wiki/Kiss_and_Make-Up
246340,https://en.wikipedia.org/wiki/The_Amazing_Quest_of_Ernest_Bliss
246341,https://en.wikipedia.org/wiki/Merrily_We_Go_to_Hell
246342,https://en.wikipedia.org/wiki/Without_Reservations
246344,https://en.wikipedia.org/wiki/Palookaville_(film)
246345,https://en.wikipedia.org/wiki/Talk_of_Angels